{"timestamp": 12846, "type": "calculateddamage", "sourceID": 5, "sourceIsFriendly": true, "targetID": 11, "targetIsFriendly": false, "ability": {"name": "\u6708\u5149", "guid": 7481, "type": 128, "abilityIcon": "003000-003158.png"}, "pin": "0", "buffs": "1000049.1001213.1001298.1001454.1001878.1001885.1000786.", "hitType": 1, "amount": 44725, "multistrike": true, "debugMultiplier": 1.46, "packetID": 11553, "sourceResources": {"hitPoints": 148600, "maxHitPoints": 148600, "mp": 10000, "maxMP": 10000, "tp": 0, "maxTP": 1000, "x": 10037, "y": 10521, "facing": -169, "absorb": 0}, "targetResources": {"hitPoints": 73838532, "maxHitPoints": 75722720, "mp": 10000, "maxMP": 10000, "tp": 0, "maxTP": 1000, "x": 9996, "y": 10121, "facing": -163, "absorb": 0}}